SNSpostID,postID,SNSUserID,content,favoriteCount,createdTime
1,2.03E+18,2,Can we a do a friends night ???,12119,2019/4/26 0:30
2,2.03E+18,2,Amazing pic????,12088,2019/4/25 23:23
3,2.03E+18,2,KJ keeps giving up the booty!!!,24924,2019/4/25 22:21
4,2.03E+18,2,"Bullpen was solid... they deserve credit, they were on top of their game. ?",23631,2019/4/25 21:56
5,2.03E+18,2,@bodaciousbearr @manintheground lol the comments,40103,2019/4/25 21:39
6,2.03E+18,2,@daxen_w was,40487,2019/4/25 21:26
7,2.03E+18,2,Can??t believe y??all brought him out ??,39973,2019/4/25 21:08
8,2.03E+18,2,I want my Pedro Baez Bobblehead. ????,35563,2019/4/25 20:32
9,2.03E+18,2,Ya baby!!! @dugie11 ??????,71886,2019/4/25 19:49
10,2.03E+18,2,Listening at work @dodgers ??,24277,2019/4/25 18:21
11,2.03E+18,3,Holey biceps! ??,4975,2019/4/25 15:00
12,2.03E+18,9,Badass ??,64436,2019/4/26 0:45
13,2.03E+18,13, ,2,2019/4/26 10:59
14,2.03E+18,14,Niceeeeee!,3,2019/4/26 11:02
15,2.03E+18,15, ,48,2019/4/26 6:01
16,1.63E+18,16, ,12,2017/10/18 1:41
